DELETE FROM subject_module;
DELETE FROM subject;
DELETE FROM module_degree;
DELETE FROM core_module;
DELETE FROM degree;
DELETE FROM module_type;
DELETE FROM role;

INSERT INTO role (id, appRoleId, name) VALUES (1, '77ca2e45-398c-402e-bd63-c8d0ae2aa51e', 'Student');
INSERT INTO role (id, appRoleId, name) VALUES (2, '6077d010-0aae-4139-8f3c-dcee7ecbb1c9', 'Dozent');
INSERT INTO role (id, appRoleId, name) VALUES (3, '66d7ddfb-4156-4c5c-9315-196b63c10ceb', 'Kurs-Administrator');
INSERT INTO role (id, appRoleId, name) VALUES (4, '1e691fa3-6294-4e72-b722-d80b47dc04e1', 'Fachbereichsleiter');

INSERT INTO module_type VALUE (1,"E");
INSERT INTO module_type VALUE (2,"M");
INSERT INTO module_type VALUE (3,"D");
INSERT INTO module_type VALUE (4,"F");

/*INSERT INTO degree_part VALUE (1,"Vertiefung Automation 23");
INSERT INTO degree_part VALUE (2,"Grundstudium 23");
INSERT INTO degree_part VALUE (3,"Fachstudium Systemtechnik 23");*/

INSERT INTO degree VALUE (1,"Systemtechnik","VZ","",NULL);

# @TODO Zwischentabelle für grundstudium, fachstudium, vertiefung

INSERT INTO core_module(id, name, module_type_id) VALUE (1,"Naturwissenschaftliche Grundlagen / Konstruktion I", 2);
INSERT INTO core_module(id, name, module_type_id) VALUE (2,"Betriebs- und Organisationstechnik I", 3);
INSERT INTO core_module(id, name, module_type_id) VALUE (3,"Mechatronik / Informatik I", 2);
INSERT INTO core_module(id, name, module_type_id) VALUE (4,"Mathematik", 2);
INSERT INTO core_module(id, name, module_type_id) VALUE (5,"Persönlichkeitsentwicklung", 1);
INSERT INTO core_module(id, name, module_type_id) VALUE (6,"Betriebs- und Organisationstechnik II & Mechatronik II", 2);
INSERT INTO core_module(id, name, module_type_id) VALUE (7,"Systemtechnik Grundlagen", 2);
INSERT INTO core_module(id, name, module_type_id) VALUE (8,"Informatik II", 2);
INSERT INTO core_module(id, name, module_type_id) VALUE (9,"Informatik III", 2);
INSERT INTO core_module(id, name, module_type_id) VALUE (10,"Transfer", 4);
INSERT INTO core_module(id, name, module_type_id) VALUE (11,"Diplomarbeit", 3);

INSERT INTO module_degree VALUE (1, 1);
INSERT INTO module_degree VALUE (1, 2);
INSERT INTO module_degree VALUE (1, 3);
INSERT INTO module_degree VALUE (1, 4);
INSERT INTO module_degree VALUE (1, 5);
INSERT INTO module_degree VALUE (1, 6);
INSERT INTO module_degree VALUE (1, 7);
INSERT INTO module_degree VALUE (1, 8);
INSERT INTO module_degree VALUE (1, 9);
INSERT INTO module_degree VALUE (1, 10);
INSERT INTO module_degree VALUE (1, 11);

INSERT INTO subject(id, name, shortName) VALUE (1,"Produktionsverfahren Grundlagen","");
INSERT INTO subject(id, name, shortName) VALUE (2,"CAD Einführung","");
INSERT INTO subject(id, name, shortName) VALUE (3,"Statik/Reibungslehre Grundlagen","");
INSERT INTO subject(id, name, shortName) VALUE (4,"Dynamik","");
INSERT INTO subject(id, name, shortName) VALUE (5,"Systems Engineering","");
INSERT INTO subject(id, name, shortName) VALUE (6,"Fachprojekt Systemtechnik","");
INSERT INTO subject(id, name, shortName) VALUE (7,"Betriebswirtschaftslehre","");
INSERT INTO subject(id, name, shortName) VALUE (8,"Betriebsorganisation","");
INSERT INTO subject(id, name, shortName) VALUE (9,"Projektmanagement","");
INSERT INTO subject(id, name, shortName) VALUE (10,"Unternehmenslogistik","");
INSERT INTO subject(id, name, shortName) VALUE (11,"Deutsch-Information","");
INSERT INTO subject(id, name, shortName) VALUE (12,"Elektrotechnik Grundlagen","");
INSERT INTO subject(id, name, shortName) VALUE (13,"Elektro-CAD","");
INSERT INTO subject(id, name, shortName) VALUE (14,"Digitaltechnik","");
INSERT INTO subject(id, name, shortName) VALUE (15,"SPS-Programmierung Grundlagen","");
INSERT INTO subject(id, name, shortName) VALUE (16,"Antriebstechnik Grundlagen","");
INSERT INTO subject(id, name, shortName) VALUE (17,"Windows/Office","");
INSERT INTO subject(id, name, shortName) VALUE (18,"Programmierung Einführung","");
INSERT INTO subject(id, name, shortName) VALUE (19,"Mathematik: Geometrie","");
INSERT INTO subject(id, name, shortName) VALUE (20,"Mathematik: Arithmetik","");
INSERT INTO subject(id, name, shortName) VALUE (21, "Mathematik: Algebra","");
INSERT INTO subject(id, name, shortName) VALUE (22,"Starttag / Ready for Takeoff","");
INSERT INTO subject(id, name, shortName) VALUE (23,"PC Installation/Administration","");
INSERT INTO subject(id, name, shortName) VALUE (24,"Mitarbeiterführung","");
INSERT INTO subject(id, name, shortName) VALUE (25,"Lerntechnik und Selbstorganisation","");
INSERT INTO subject(id, name, shortName) VALUE (26,"Wirkungsvoll präsentieren","");
INSERT INTO subject(id, name, shortName) VALUE (27,"Kommunikationstraining","");
INSERT INTO subject(id, name, shortName) VALUE (28,"Produktionsplanung","");
INSERT INTO subject(id, name, shortName) VALUE (29,"Betriebliche Informationssysteme","");
INSERT INTO subject(id, name, shortName) VALUE (30,"Finanz- und Rechnungswesen","");
INSERT INTO subject(id, name, shortName) VALUE (31,"Qualitätsmanagement I","");
INSERT INTO subject(id, name, shortName) VALUE (32,"Persönlicher Auftritt","");
INSERT INTO subject(id, name, shortName) VALUE (33,"Ergonomie und Sicherheit","");
INSERT INTO subject(id, name, shortName) VALUE (34,"Antriebstechnik Umsetzung","");
INSERT INTO subject(id, name, shortName) VALUE (35,"Elektronik Grundlagen","");
INSERT INTO subject(id, name, shortName) VALUE (36,"Industrielle Kommunikationssysteme","");
INSERT INTO subject(id, name, shortName) VALUE (37,"Objektbasierte Programmierung","");
INSERT INTO subject(id, name, shortName) VALUE (38,"Regelungstechnik","");
INSERT INTO subject(id, name, shortName) VALUE (39,"Robotik","");
INSERT INTO subject(id, name, shortName) VALUE (40,"SPS-Programmierung mit ST","");
INSERT INTO subject(id, name, shortName) VALUE (41,"Netzwerk/Internet-Technologien","");
INSERT INTO subject(id, name, shortName) VALUE (42,"SPS Datenanbindung","");
INSERT INTO subject(id, name, shortName) VALUE (43,"Software Engineering","");
INSERT INTO subject(id, name, shortName) VALUE (44,"System Management","");
INSERT INTO subject(id, name, shortName) VALUE (45,"Objektorientiertes Programmieren","");
INSERT INTO subject(id, name, shortName) VALUE (46,"Algorithmen / Datenstrukturen","");
INSERT INTO subject(id, name, shortName) VALUE (47,"Client Web-Technologies","");
INSERT INTO subject(id, name, shortName) VALUE (48,"Databinding / Webservices","");
INSERT INTO subject(id, name, shortName) VALUE (49,"System Access / Libraries","");
INSERT INTO subject(id, name, shortName) VALUE (50,"Server Web-Technologies / Database","");
INSERT INTO subject(id, name, shortName) VALUE (51,"Projektorientiertes Engineering (PoE)","");
INSERT INTO subject(id, name, shortName) VALUE (52,"Prozessmodul","");
INSERT INTO subject(id, name, shortName) VALUE (53,"Problembearbeitung","");
INSERT INTO subject(id, name, shortName) VALUE (54,"Problemlösung","");
INSERT INTO subject(id, name, shortName) VALUE (55,"Bericht und Präsentation","");

INSERT INTO subject_module (module_id, subject_id) VALUES (1, 1);
INSERT INTO subject_module (module_id, subject_id) VALUES (1, 2);
INSERT INTO subject_module (module_id, subject_id) VALUES (1, 3);
INSERT INTO subject_module (module_id, subject_id) VALUES (1, 4);
INSERT INTO subject_module (module_id, subject_id) VALUES (2, 7);
INSERT INTO subject_module (module_id, subject_id) VALUES (2, 8);
INSERT INTO subject_module (module_id, subject_id) VALUES (2, 9);
INSERT INTO subject_module (module_id, subject_id) VALUES (2, 10);
INSERT INTO subject_module (module_id, subject_id) VALUES (2, 11);
INSERT INTO subject_module (module_id, subject_id) VALUES (3, 12);
INSERT INTO subject_module (module_id, subject_id) VALUES (3, 13);
INSERT INTO subject_module (module_id, subject_id) VALUES (3, 14);
INSERT INTO subject_module (module_id, subject_id) VALUES (3, 15);
INSERT INTO subject_module (module_id, subject_id) VALUES (3, 16);
INSERT INTO subject_module (module_id, subject_id) VALUES (3, 17);
INSERT INTO subject_module (module_id, subject_id) VALUES (3, 18);
INSERT INTO subject_module (module_id, subject_id) VALUES (4, 19);
INSERT INTO subject_module (module_id, subject_id) VALUES (4, 20);
INSERT INTO subject_module (module_id, subject_id) VALUES (4, 21);
INSERT INTO subject_module (module_id, subject_id) VALUES (5, 22);
INSERT INTO subject_module (module_id, subject_id) VALUES (5, 23);
INSERT INTO subject_module (module_id, subject_id) VALUES (5, 24);
INSERT INTO subject_module (module_id, subject_id) VALUES (5, 25);
INSERT INTO subject_module (module_id, subject_id) VALUES (5, 26);
INSERT INTO subject_module (module_id, subject_id) VALUES (5, 27);
INSERT INTO subject_module (module_id, subject_id) VALUES (6, 28);
INSERT INTO subject_module (module_id, subject_id) VALUES (6, 29);
INSERT INTO subject_module (module_id, subject_id) VALUES (6, 30);
INSERT INTO subject_module (module_id, subject_id) VALUES (6, 31);
INSERT INTO subject_module (module_id, subject_id) VALUES (6, 32);
INSERT INTO subject_module (module_id, subject_id) VALUES (6, 33);
INSERT INTO subject_module (module_id, subject_id) VALUES (6, 34);
INSERT INTO subject_module (module_id, subject_id) VALUES (7, 35);
INSERT INTO subject_module (module_id, subject_id) VALUES (7, 36);
INSERT INTO subject_module (module_id, subject_id) VALUES (7, 37);
INSERT INTO subject_module (module_id, subject_id) VALUES (7, 38);
INSERT INTO subject_module (module_id, subject_id) VALUES (7, 39);
INSERT INTO subject_module (module_id, subject_id) VALUES (8, 40);
INSERT INTO subject_module (module_id, subject_id) VALUES (8, 41);
INSERT INTO subject_module (module_id, subject_id) VALUES (8, 42);
INSERT INTO subject_module (module_id, subject_id) VALUES (8, 43);
INSERT INTO subject_module (module_id, subject_id) VALUES (9, 44);
INSERT INTO subject_module (module_id, subject_id) VALUES (9, 45);
INSERT INTO subject_module (module_id, subject_id) VALUES (9, 46);
INSERT INTO subject_module (module_id, subject_id) VALUES (9, 47);
INSERT INTO subject_module (module_id, subject_id) VALUES (9, 48);
INSERT INTO subject_module (module_id, subject_id) VALUES (9, 49);
INSERT INTO subject_module (module_id, subject_id) VALUES (9, 50);
INSERT INTO subject_module (module_id, subject_id) VALUES (10, 51);
INSERT INTO subject_module (module_id, subject_id) VALUES (10, 52);
INSERT INTO subject_module (module_id, subject_id) VALUES (11, 53);
INSERT INTO subject_module (module_id, subject_id) VALUES (11, 54);
INSERT INTO subject_module (module_id, subject_id) VALUES (11, 55);

--
-- Daten für Tabelle `exam`
--
INSERT INTO `exam` (`id`, `name`, `weighting`, `subject_id`) VALUES (1, 'Verteilte Systeme Test 1', '40%', 43);
INSERT INTO `exam` (`id`, `name`, `weighting`, `subject_id`) VALUES (2, 'Verteilte Systeme Test 2', '40%', 43);
INSERT INTO `exam` (`id`, `name`, `weighting`, `subject_id`) VALUES (3, 'Verteilte Systeme Test 3', '20%', 43);
INSERT INTO `exam` (`id`, `name`, `weighting`, `subject_id`) VALUES (4, 'Präsentation', '100%', 32);
INSERT INTO `exam` (`id`, `name`, `weighting`, `subject_id`) VALUES (5, 'Algebra Test 1', '50%', 21);
INSERT INTO `exam` (`id`, `name`, `weighting`, `subject_id`) VALUES (6, 'Word Test 1', '25%', 17);
INSERT INTO `exam` (`id`, `name`, `weighting`, `subject_id`) VALUES (7, 'Word Test 2', '25%', 17);
INSERT INTO `exam` (`id`, `name`, `weighting`, `subject_id`) VALUES (8, 'Excel Test 1', '25%', 17);
INSERT INTO `exam` (`id`, `name`, `weighting`, `subject_id`) VALUES (9, 'Algebra Test 2', '50%', 21);
INSERT INTO `exam` (`id`, `name`, `weighting`, `subject_id`) VALUES (10, 'PowerPoint Test 1', '25%', 17);
INSERT INTO `exam` (`id`, `name`, `weighting`, `subject_id`) VALUES (1, 'Verteilte Systeme Test 1', '40%', 43);